id, source, length
1, https://www.beyondexteriors.com/wp-content/uploads/2017/01/anbrook-logo-1.png, 12.907
2, https://www.beyondexteriors.com/wp-content/uploads/2017/01/andersen.png, 6.877
3, https://www.beyondexteriors.com/wp-content/uploads/2017/01/atlantic.png, 5.227
4, https://www.beyondexteriors.com/wp-content/uploads/2017/01/azek.png, 6.937
5, https://www.beyondexteriors.com/wp-content/uploads/2017/01/benjamin.png, 6.339
6, https://www.beyondexteriors.com/wp-content/uploads/2017/01/certainteed.png, 8.565
7, https://www.beyondexteriors.com/wp-content/uploads/2017/01/certinteed2.png, 6.573
8, https://www.beyondexteriors.com/wp-content/uploads/2017/01/firestone-logo.png, 4.987
9, https://www.beyondexteriors.com/wp-content/uploads/2017/01/gaf-roofing-contractor-1.png, 4.272
10, https://www.beyondexteriors.com/wp-content/uploads/2017/01/hardie.png, 3.996
11, https://www.beyondexteriors.com/wp-content/uploads/2017/01/jeldwen.png, 5.16
12, https://www.beyondexteriors.com/wp-content/uploads/2017/01/master.png, 5.877
13, https://www.beyondexteriors.com/wp-content/uploads/2017/01/mastic.png, 5.576
14, https://www.beyondexteriors.com/wp-content/uploads/2017/01/midamerica.png, 4.326
15, https://www.beyondexteriors.com/wp-content/uploads/2017/03/owens-corning.png, 9.847
16, https://www.beyondexteriors.com/wp-content/uploads/2017/01/provia.png, 8.484
17, https://www.beyondexteriors.com/wp-content/uploads/2017/01/sherwin.png, 4.281
18, https://www.beyondexteriors.com/wp-content/uploads/2017/01/velux.png, 6.928
19, https://www.beyondexteriors.com/wp-content/uploads/2017/01/anbrook-logo-1.png, 12.907
20, https://www.beyondexteriors.com/wp-content/uploads/2017/01/andersen.png, 6.877
21, https://www.beyondexteriors.com/wp-content/uploads/2017/01/atlantic.png, 5.227
22, https://www.beyondexteriors.com/wp-content/uploads/2017/01/azek.png, 6.937
23, https://www.beyondexteriors.com/wp-content/uploads/2017/01/benjamin.png, 6.339
24, https://www.beyondexteriors.com/wp-content/uploads/2017/01/certainteed.png, 8.565
25, https://www.beyondexteriors.com/wp-content/uploads/2017/01/certinteed2.png, 6.573
26, https://www.beyondexteriors.com/wp-content/uploads/2017/01/firestone-logo.png, 4.987
27, https://www.beyondexteriors.com/wp-content/uploads/2017/01/gaf-roofing-contractor-1.png, 4.272
28, https://www.beyondexteriors.com/wp-content/uploads/2017/01/hardie.png, 3.996
29, https://www.beyondexteriors.com/wp-content/uploads/2017/01/jeldwen.png, 5.16
30, https://www.beyondexteriors.com/wp-content/uploads/2017/01/master.png, 5.877
31, https://www.beyondexteriors.com/wp-content/uploads/2017/01/mastic.png, 5.576
32, https://www.beyondexteriors.com/wp-content/uploads/2017/01/midamerica.png, 4.326
33, https://www.beyondexteriors.com/wp-content/uploads/2017/03/owens-corning.png, 9.847
34, https://www.beyondexteriors.com/wp-content/uploads/2017/01/provia.png, 8.484
35, https://www.beyondexteriors.com/wp-content/uploads/2017/01/sherwin.png, 4.281
36, https://www.beyondexteriors.com/wp-content/uploads/2017/01/velux.png, 6.928
37, https://www.beyondexteriors.com/wp-content/uploads/2017/01/roofing-contractors.jpg, 42.332
38, https://www.beyondexteriors.com/wp-content/uploads/2017/01/stormroof-300x201.jpg, 19.183
39, https://www.beyondexteriors.com/wp-content/uploads/2018/01/roof-repair-page.jpg, 27.827
40, https://www.beyondexteriors.com/wp-content/uploads/2018/01/roof-replacement-materials.jpg, 42.675
41, https://www.beyondexteriors.com/wp-content/uploads/2017/01/roof-replacement-consultation-300x201.jpg, 15.031
42, https://www.beyondexteriors.com/wp-content/uploads/2017/01/asphalt-roofing.png, 56.639
43, https://www.beyondexteriors.com/wp-content/uploads/2017/01/cedar-roofing.png, 58.218
44, https://www.beyondexteriors.com/wp-content/uploads/2017/01/slate-roofing.jpg, 10.879
45, https://www.beyondexteriors.com/wp-content/uploads/2017/01/metal-roofing.png, 47.795
46, https://www.beyondexteriors.com/wp-content/uploads/2017/01/synthetic-roofing.png, 52.463
47, https://www.beyondexteriors.com/wp-content/uploads/2017/01/flat-roofing.png, 43.837
48, https://www.beyondexteriors.com/wp-content/uploads/2017/12/roofing-contractors-shakes.jpg, 102.272
49, https://www.beyondexteriors.com/wp-content/uploads/2018/03/synthetic-roof-in-Northern-VA-300x200.jpg, 17.359
50, https://www.beyondexteriors.com/wp-content/uploads/2017/01/anbrook-logo.png, 12.907
51, https://www.beyondexteriors.com/wp-content/uploads/2017/01/carlisle-syntec.png, 7.232
52, https://www.beyondexteriors.com/wp-content/uploads/2017/01/buckingham-slate-company.png, 6.747
53, https://www.beyondexteriors.com/wp-content/uploads/2017/01/ecostar.png, 8.577
54, https://www.beyondexteriors.com/wp-content/uploads/2017/01/davinci.png, 7.727
55, https://www.beyondexteriors.com/wp-content/uploads/2017/01/certainteed-logo.png, 4.611
56, https://www.beyondexteriors.com/wp-content/uploads/2017/01/gaf-roofing-contractor.png, 4.272
57, https://www.beyondexteriors.com/wp-content/uploads/2017/01/sentriclad-logo.png, 7.681
58, https://www.beyondexteriors.com/wp-content/uploads/2017/01/fabral.png, 6.452
59, https://www.beyondexteriors.com/wp-content/uploads/2018/02/Shingles-being-installed-by-Aldie-VA-roof-repair-contractors.jpg, 10.704
60, https://www.beyondexteriors.com/wp-content/uploads/2018/02/Roofing-contractor-laying-shingles-during-Aldie-VA-roof-repair-services.jpg, 11.159
61, https://www.beyondexteriors.com/wp-content/uploads/2017/12/roofing-contractors-love-aldie-va.jpg, 11.709
62, https://www.beyondexteriors.com/wp-content/uploads/2018/02/Finished-Roof-after-Aldie-VA-roof-leak-repair.jpg, 13.481
63, https://www.beyondexteriors.com/wp-content/uploads/2018/02/Aldie-VA-roof-leak-repair-services.jpg, 12.179
64, https://www.beyondexteriors.com/wp-content/uploads/2018/02/Shingles-being-removed-by-an-Alexandria-VA-roof-repair-contractor.jpg, 10.512
65, https://www.beyondexteriors.com/wp-content/uploads/2018/02/Finished-roof-after-Alexandria-VA-roof-repair-services.jpg, 15.366
66, https://www.beyondexteriors.com/wp-content/uploads/2018/02/Alexandria-VA-roof-replacement-and-roof-installation.jpg, 9.579
67, https://www.beyondexteriors.com/wp-content/uploads/2017/06/Alexandria-VA-Roof-Leak-Repair1-300x199.jpg, 14.08
68, https://www.beyondexteriors.com/wp-content/uploads/2018/02/Completed-house-after-Alexandria-VA-roof-leak-repair.jpg, 11.534
69, https://www.beyondexteriors.com/wp-content/uploads/2018/01/roof-replacement-in-annandale-va.jpg, 62.868
70, https://www.beyondexteriors.com/wp-content/uploads/2018/02/Roofing-Contractor-performing-Annandale-VA-roof-repair-services.jpg, 11.852
71, https://www.beyondexteriors.com/wp-content/uploads/2018/01/roof-replacement-and-installation-in-annandale-va.jpg, 12.295
72, https://www.beyondexteriors.com/wp-content/uploads/2018/01/roof-leak-repair-services-in-annandale-va.jpg, 27.421
73, https://www.beyondexteriors.com/wp-content/uploads/2018/01/roof-repair-in-arlington-va.jpg, 27.223
74, https://www.beyondexteriors.com/wp-content/uploads/2018/01/arlington-va-roof-repair.jpg, 27.564
75, https://www.beyondexteriors.com/wp-content/uploads/2018/01/roof-replacement-and-installation-in-arlington-va.jpg, 28.066
76, https://www.beyondexteriors.com/wp-content/uploads/2018/01/roof-leak-repair-services-in-arlington-va.jpg, 27.198
77, https://www.beyondexteriors.com/wp-content/uploads/2018/01/ashburn-va-roof-repair.jpg, 51.147
78, https://www.beyondexteriors.com/wp-content/uploads/2018/01/roof-repair-in-ashburn-va.jpg, 62.973
79, https://www.beyondexteriors.com/wp-content/uploads/2018/02/Ashburn-VA-Roof-Replacement-and-Roof-Installation.jpg, 9.7
80, https://www.beyondexteriors.com/wp-content/uploads/2018/02/Finished-roof-after-Ashburn-VA-roof-leak-repair.jpg, 9.59
81, https://www.beyondexteriors.com/wp-content/uploads/2017/06/ashburn-va-roof-leak-repair-300x200.jpg, 15.457
82, https://www.beyondexteriors.com/wp-content/uploads/2018/01/Bethesda-MD-roof-repair.jpg, 64.727
83, https://www.beyondexteriors.com/wp-content/uploads/2018/01/Roof-Repair-in-Bethesda-MD.jpg, 51.576
84, https://www.beyondexteriors.com/wp-content/uploads/2018/01/Bethesda-MD-Roof-Replacement-and-Installation.jpg, 29.259
85, https://www.beyondexteriors.com/wp-content/uploads/2018/01/Brambleton-VA-Roof-Repair.jpg, 92.049
86, https://www.beyondexteriors.com/wp-content/uploads/2018/01/Roof-Repair-in-Brambleton-VA.jpg, 60.682
87, https://www.beyondexteriors.com/wp-content/uploads/2018/01/Brambleton-VA-Roof-Replacement-and-Installation.jpg, 28.14
88, https://www.beyondexteriors.com/wp-content/uploads/2018/01/Broadlands-VA-Roof-Repair.jpg, 52.576
89, https://www.beyondexteriors.com/wp-content/uploads/2018/01/Roof-Repair-in-Broadlands-VA.jpg, 89.19
90, https://www.beyondexteriors.com/wp-content/uploads/2017/04/roofing-contractors-broadlands-va-300x200.jpg, 12.682
91, https://www.beyondexteriors.com/wp-content/uploads/2018/01/burke-va-roof-repair.jpg, 60.721
92, https://www.beyondexteriors.com/wp-content/uploads/2018/01/Burke-VA-Roofing-Contractor-Repairing-Roof.jpg, 73.053
93, https://www.beyondexteriors.com/wp-content/uploads/2018/01/Burke-VA-Roof-Replacement-and-Installation.jpg, 12.416
94, https://www.beyondexteriors.com/wp-content/uploads/2018/01/Roof-Leak-Repair-in-Burke-VA.jpg, 15.566
95, https://www.beyondexteriors.com/wp-content/uploads/2018/01/Centreville-VA-Roof-Repair.jpg, 22.848
96, https://www.beyondexteriors.com/wp-content/uploads/2018/01/Roof-Repair-in-Centreville-VA.jpg, 22.612
97, https://www.beyondexteriors.com/wp-content/uploads/2018/01/Centreville-VA-Roof-Replacement-and-Installation.jpg, 13.412
98, https://www.beyondexteriors.com/wp-content/uploads/2018/01/Roof-Leak-Repair-For-Centreville-VA.jpg, 15.915
99, https://www.beyondexteriors.com/wp-content/uploads/2018/01/Chantilly-VA-Roof-Repair.jpg, 21.306
100, https://www.beyondexteriors.com/wp-content/uploads/2018/01/Roof-Repair-in-Chantilly-VA.jpg, 22.684
101, https://www.beyondexteriors.com/wp-content/uploads/2018/01/Chantilly-VA-Roof-Replacement-and-Installation.jpg, 13.158
102, https://www.beyondexteriors.com/wp-content/uploads/2018/01/Roof-Leak-Repair-Services-in-Chantilly-VA.jpg, 15.801
103, https://www.beyondexteriors.com/wp-content/uploads/2018/01/Clifton-VA-Roof-Repair.jpg, 48.236
104, https://www.beyondexteriors.com/wp-content/uploads/2018/01/Roof-Repair-in-Clifton-VA.jpg, 22.735
105, https://www.beyondexteriors.com/wp-content/uploads/2018/01/Clifton-VA-Roof-Replacement-and-Installation.jpg, 12.802
106, https://www.beyondexteriors.com/wp-content/uploads/2018/01/Roof-Leak-Repair-Services-for-Clifton-VA.jpg, 15.576
107, https://www.beyondexteriors.com/wp-content/uploads/2018/01/Dulles-VA-Roof-Repair.jpg, 14.369
108, https://www.beyondexteriors.com/wp-content/uploads/2018/01/Roof-Repair-in-Dulles-VA.jpg, 31.33
109, https://www.beyondexteriors.com/wp-content/uploads/2018/01/Dulles-VA-Roof-Replacement-and-Installation.jpg, 13.451
110, https://www.beyondexteriors.com/wp-content/uploads/2018/01/Dunn-Loring-VA-Roof-Repair.jpg, 16.871
111, https://www.beyondexteriors.com/wp-content/uploads/2018/01/Roof-Repair-in-Dunn-Loring-VA.jpg, 30.28
112, https://www.beyondexteriors.com/wp-content/uploads/2018/01/Roof-Replacement-and-Installation-for-Dunn-Loring-VA.jpg, 14.288
113, https://www.beyondexteriors.com/wp-content/uploads/2018/02/Roofing-contractor-installing-shingles-during-a-Fairfax-VA-roof-repair.jpg, 9.11
114, https://www.beyondexteriors.com/wp-content/uploads/2018/02/Roofing-contractors-providing-Fairfax-VA-roof-repair-services.jpg, 9.172
115, https://www.beyondexteriors.com/wp-content/uploads/2018/01/Roofing-Replacement-and-Installation-in-Fairfax-VA.jpg, 13.633
116, https://www.beyondexteriors.com/wp-content/uploads/2018/01/Roof-Leak-Repair-Services-for-Fairfax-VA.jpg, 15.645
117, https://www.beyondexteriors.com/wp-content/uploads/2018/02/Great-Falls-VA-roof-repair-being-completed-by-Northern-Virginia-roofing-contractors.jpg, 15.935
118, https://www.beyondexteriors.com/wp-content/uploads/2018/02/Roofing-contractors-finishing-a-Great-Falls-VA-roof-repair-job.jpg, 15.477
119, https://www.beyondexteriors.com/wp-content/uploads/2018/01/Roof-Replacement-and-Installation-in-Great-Falls-VA.jpg, 14.128
120, https://www.beyondexteriors.com/wp-content/uploads/2018/01/Roof-Leak-Repair-Services-for-Great-Falls-VA.jpg, 15.935
121, https://www.beyondexteriors.com/wp-content/uploads/2018/02/Northern-Virginia-roofing-contractor-working-on-a-Herndon-VA-roof-repair.jpg, 9.263
122, https://www.beyondexteriors.com/wp-content/uploads/2018/02/Roofing-contractor-working-on-roof-during-a-Herndon-VA-roof-repair.jpg, 12.818
123, https://www.beyondexteriors.com/wp-content/uploads/2018/01/Roof-Replacement-and-Installation-in-Herndon-VA.jpg, 13.856
124, https://www.beyondexteriors.com/wp-content/uploads/2018/01/Roof-Leak-Repair-Services-for-Herndon-VA.jpg, 15.73
125, https://www.beyondexteriors.com/wp-content/uploads/2018/02/Roof-repair-work-being-completed-by-Lansdowne-VA-roof-repair-contractor.jpg, 8.174
126, https://www.beyondexteriors.com/wp-content/uploads/2018/01/Roof-Repair-in-Lansdowne-VA.jpg, 32.125
127, https://www.beyondexteriors.com/wp-content/uploads/2018/01/Roof-Replacement-and-Installation-for-Lansdowne-VA.jpg, 14.189
128, https://www.beyondexteriors.com/wp-content/uploads/2018/02/Local-Leesburg-VA-roof-repair-contractor-working-on-Northern-Virginia-roof.jpg, 9.46
129, https://www.beyondexteriors.com/wp-content/uploads/2018/02/Roofing-contractors-performing-Leesburg-VA-roof-repair-services.jpg, 15.384
130, https://www.beyondexteriors.com/wp-content/uploads/2018/01/Roof-Replacement-and-Installation-for-Leesburg-VA.jpg, 13.941
131, https://www.beyondexteriors.com/wp-content/uploads/2018/02/Northern-VA-roofing-contractor-installing-shingles-during-a-Lowes-Island-VA-roof-repair.jpg, 8.549
132, https://www.beyondexteriors.com/wp-content/uploads/2018/02/Shingles-being-installed-through-Lowes-Island-VA-roof-repair-job.jpg, 13.228
133, https://www.beyondexteriors.com/wp-content/uploads/2018/01/Roof-Replacement-and-Installation-for-Lowes-Island-VA.jpg, 14.426
134, https://www.beyondexteriors.com/wp-content/uploads/2018/02/Roofing-contractor-fixing-roof-during-a-McLean-VA-roof-repair.jpg, 8.753
135, https://www.beyondexteriors.com/wp-content/uploads/2018/02/Northern-Virginia-roofing-contractor-measuring-wood-for-a-complete-McLean-VA-roof-repair.jpg, 17.385
136, https://www.beyondexteriors.com/wp-content/uploads/2018/01/Roof-Replacement-and-Installation-in-McLean-VA.jpg, 13.671
137, https://www.beyondexteriors.com/wp-content/uploads/2018/01/Roof-Leak-Repair-Services-for-McLean-VA.jpg, 15.698
138, https://www.beyondexteriors.com/wp-content/uploads/2018/02/Merrifield-VA-roof-repair-contractor-working-on-Northern-Virginia-roof.jpg, 10.959
139, https://www.beyondexteriors.com/wp-content/uploads/2018/02/Northern-VA-roofing-contractor-performing-Merrifield-VA-roof-repair-services.jpg, 11.223
140, https://www.beyondexteriors.com/wp-content/uploads/2018/01/Roof-Replacement-and-Installation-in-Merrifield-VA.jpg, 13.764
141, https://www.beyondexteriors.com/wp-content/uploads/2018/01/Roof-Leak-Repair-Services-for-Merrifield-VA.jpg, 15.845
142, https://www.beyondexteriors.com/wp-content/uploads/2018/02/Middleburg-VA-roof-repair-contractor-working-on-Northern-Virginia-roof.jpg, 10.699
143, https://www.beyondexteriors.com/wp-content/uploads/2018/02/Northern-VA-roofing-contractor-performing-Middleburg-VA-roof-repair-services.jpg, 12.147
144, https://www.beyondexteriors.com/wp-content/uploads/2018/01/Roof-Replacement-and-Installation-for-Middleburg-VA.jpg, 13.885
145, https://www.beyondexteriors.com/wp-content/uploads/2018/02/Reston-VA-roof-repair-contractor-working-on-a-Northern-Virginia-roof.jpg, 11.698
146, https://www.beyondexteriors.com/wp-content/uploads/2018/02/Northern-Virginia-roofing-contractor-on-top-of-roof-during-a-Reston-VA-roof-repair.jpg, 7.614
147, https://www.beyondexteriors.com/wp-content/uploads/2018/01/Roof-Replacement-and-Installation-in-Reston-VA.jpg, 13.158
148, https://www.beyondexteriors.com/wp-content/uploads/2018/01/Roof-Leak-Repair-Services-for-Reston-VA.jpg, 15.688
149, https://www.beyondexteriors.com/wp-content/uploads/2018/02/Northern-Virginia-roof-repair-being-done-by-Rosslyn-VA-roof-repair-contractors.jpg, 14.538
150, https://www.beyondexteriors.com/wp-content/uploads/2018/02/Northern-VA-roofing-contractor-performing-Rosslyn-VA-roof-repair-services.jpg, 7.622
151, https://www.beyondexteriors.com/wp-content/uploads/2018/01/Roof-Replacement-and-Installation-for-Rosslyn-VA.jpg, 13.321
152, https://www.beyondexteriors.com/wp-content/uploads/2018/02/Springfield-VA-roof-repair-contractor-working-on-a-Northern-Virginia-roof.jpg, 10.67
153, https://www.beyondexteriors.com/wp-content/uploads/2018/02/Northern-VA-roofing-contractor-conducting-Springfield-VA-roof-repair-services.jpg, 11.349
154, https://www.beyondexteriors.com/wp-content/uploads/2018/01/Roof-Replacement-and-Installation-in-Springfield-VA.jpg, 13.894
155, https://www.beyondexteriors.com/wp-content/uploads/2018/01/Roof-Leak-Repair-Services-for-Springfield-VA.jpg, 15.867
156, https://www.beyondexteriors.com/wp-content/uploads/2018/02/Northern-Virginia-roof-being-repaired-by-Sterling-VA-roof-repair-contractors.jpg, 16.559
157, https://www.beyondexteriors.com/wp-content/uploads/2018/02/Northern-VA-roofing-contractors-performing-Sterling-VA-roof-repair-services.jpg, 11.28
158, https://www.beyondexteriors.com/wp-content/uploads/2018/01/Roof-Replacement-and-Installation-in-Sterling-VA.jpg, 13.292
159, https://www.beyondexteriors.com/wp-content/uploads/2018/01/Roof-Leak-Repair-Services-for-Sterling-VA.jpg, 15.697
160, https://www.beyondexteriors.com/wp-content/uploads/2018/02/Tysons-Corner-VA-roof-repair-contractor-working-on-a-Northern-VA-roof.jpg, 9.447
161, https://www.beyondexteriors.com/wp-content/uploads/2018/02/Northern-Virginia-roofing-contractor-performing-Tysons-Corner-VA-roof-repair-services.jpg, 10.106
162, https://www.beyondexteriors.com/wp-content/uploads/2018/01/Roof-Replacement-and-Installation-for-Tysons-Corner-VA.jpg, 14.177
163, https://www.beyondexteriors.com/wp-content/uploads/2018/02/Vienna-VA-roof-repair-contractor-repairing-Northern-Virginia-roof.jpg, 13.495
164, https://www.beyondexteriors.com/wp-content/uploads/2018/02/Northern-VA-roofing-contractor-conducting-Vienna-VA-roof-repair-services.jpg, 11.074
165, https://www.beyondexteriors.com/wp-content/uploads/2018/01/Roof-Replacement-and-Installation-in-Vienna-VA.jpg, 13.139
166, https://www.beyondexteriors.com/wp-content/uploads/2018/01/Roof-Leak-Repair-Services-for-Vienna-VA.jpg, 15.607
167, http://www.beyondexteriors.com/wp-content/uploads/2018/05/emergency-tarping-contractors-conducting-Fairfax-VA-emergency-tarping-services-right-before-a-massive-storm-strikes-the-house.jpg, 57.067
168, http://www.beyondexteriors.com/wp-content/uploads/2018/05/roof-tarp-along-with-a-few-materials-that-are-required-with-an-emergency-roof-repair-all-sitting-on-top-of-a-flat-roof-in-Fairfax-VA-300x200.jpg, 16.298
169, http://www.beyondexteriors.com/wp-content/uploads/2018/05/Fairfax-VA-emergency-tarping-contractor-working-on-the-top-of-a-roof-so-that-the-homeowner-does-not-have-to-do-it-himself-300x200.jpg, 21.151
170, https://www.beyondexteriors.com/wp-content/uploads/2018/03/Quality-roofing-contractor-working-on-roof.jpg, 7.113
171, https://www.beyondexteriors.com/wp-content/uploads/2018/03/Door-to-door-roofing-contractor-scam-knocking-on-door.jpg, 6.812
172, https://www.beyondexteriors.com/wp-content/uploads/2018/03/Roofing-Contractor-pressuring-homeowner-to-buy-their-roofing-scam.jpg, 8.702
173, https://www.beyondexteriors.com/wp-content/uploads/2018/03/Homeowner-signing-the-lowest-bidding-roofing-contract.jpg, 6.815
174, https://www.beyondexteriors.com/wp-content/uploads/2018/03/Roof-showing-inadequate-roofing-work-performed-by-a-scam-roofing-contractor.jpg, 12.117
175, https://www.beyondexteriors.com/wp-content/uploads/2018/03/Woman-contemplating-roof-repair-contracts-to-prevent-from-overcharging.jpg, 5.397
176, https://www.beyondexteriors.com/wp-content/uploads/2018/03/Group-of-quality-roofing-contractors.jpg, 14.454
177, https://www.beyondexteriors.com/wp-content/uploads/2018/03/Family-looking-at-their-roof-damage.jpg, 11.421
178, https://www.beyondexteriors.com/wp-content/uploads/2018/03/Man-collecting-water-from-roof-leak.jpg, 8.985
179, https://www.beyondexteriors.com/wp-content/uploads/2018/03/Image-of-roof-missing-shingles-requiring-roof-repair.jpg, 14.493
180, https://www.beyondexteriors.com/wp-content/uploads/2018/03/Cracked-shingles-and-roof-damage-to-homeowners-roof.jpg, 15.124
181, https://www.beyondexteriors.com/wp-content/uploads/2018/03/Roofing-contractor-cleaning-out-debris-filled-gutters.jpg, 11.81
182, https://www.beyondexteriors.com/wp-content/uploads/2018/03/Mold-on-ceiling-resulting-from-roof-damage.jpg, 7.14
183, https://www.beyondexteriors.com/wp-content/uploads/2017/12/siding-contractors.jpg, 26.96
184, https://www.beyondexteriors.com/wp-content/uploads/2018/01/siding-contractors.jpg, 40.698
185, https://www.beyondexteriors.com/wp-content/uploads/2017/03/siding-repair-contractors-300x200.jpg, 15.291
186, https://www.beyondexteriors.com/wp-content/uploads/2018/01/brick-siding-repair.jpg, 78.669
187, https://www.beyondexteriors.com/wp-content/uploads/2017/01/siding-contractors-vinyl-siding.jpg, 9.814
188, https://www.beyondexteriors.com/wp-content/uploads/2017/01/siding-contractors-james-hardie-siding.jpg, 8.498
189, https://www.beyondexteriors.com/wp-content/uploads/2017/01/siding-contractors-cedar-wood-siding.jpg, 10.501
190, https://www.beyondexteriors.com/wp-content/uploads/2017/12/siding-contractors-pvc-composite-siding-300x200.jpg, 31.424
191, https://www.beyondexteriors.com/wp-content/uploads/2017/01/siding-contractors-trim-siding.jpg, 6.85
192, https://www.beyondexteriors.com/wp-content/uploads/2018/02/Aldie-VA-siding-contractors-installing-siding-on-home.jpg, 12.916
193, https://www.beyondexteriors.com/wp-content/uploads/2018/02/Siding-installation-and-replacement-in-Aldie-VA.jpg, 6.653
194, https://www.beyondexteriors.com/wp-content/uploads/2018/02/Alexandria-VA-siding-contractors-installing-new-siding.jpg, 11.636
195, https://www.beyondexteriors.com/wp-content/uploads/2018/02/Alexandria-VA-siding-installation-and-replacement.jpg, 6.974
196, https://www.beyondexteriors.com/wp-content/uploads/2018/02/Siding-installation-work-by-Annandale-VA-siding-contractors.jpg, 14.033
197, https://www.beyondexteriors.com/wp-content/uploads/2018/02/Annandale-VA-siding-installation-and-replacement.jpg, 6.949
198, https://www.beyondexteriors.com/wp-content/uploads/2018/02/Siding-installation-service-being-performed-by-Arlington-VA-siding-contractors.jpg, 13.226
199, https://www.beyondexteriors.com/wp-content/uploads/2018/02/Arlington-VA-siding-installation-and-replacement.jpg, 6.927
200, https://www.beyondexteriors.com/wp-content/uploads/2018/02/Ashburn-VA-siding-contractors-installing-new-siding.jpg, 13.486
201, https://www.beyondexteriors.com/wp-content/uploads/2018/02/Ashburn-VA-siding-installation-and-replacement.jpg, 6.807
202, https://www.beyondexteriors.com/wp-content/uploads/2018/02/Bethesda-MD-siding-contractors-replacing-old-siding-on-home.jpg, 26.478
203, https://www.beyondexteriors.com/wp-content/uploads/2018/02/Bethesda-MD-siding-installation-and-replacement.jpg, 6.892
204, https://www.beyondexteriors.com/wp-content/uploads/2018/02/Brambleton-VA-siding-contractors-installing-new-siding.jpg, 12.247
205, https://www.beyondexteriors.com/wp-content/uploads/2018/02/Brambleton-VA-siding-installation-and-replacement.jpg, 6.96
206, https://www.beyondexteriors.com/wp-content/uploads/2018/02/Broadlands-VA-siding-contractors-installing-new-siding.jpg, 12.056
207, https://www.beyondexteriors.com/wp-content/uploads/2018/02/Broadlands-VA-siding-installation-and-replacement.jpg, 6.943
208, https://www.beyondexteriors.com/wp-content/uploads/2018/02/Burke-VA-siding-contractors-working-on-Northern-Virginia-home-siding.jpg, 12.16
209, https://www.beyondexteriors.com/wp-content/uploads/2018/02/Burke-VA-siding-installation-and-replacement.jpg, 6.667
210, https://www.beyondexteriors.com/wp-content/uploads/2018/02/Centreville-VA-siding-contractors-installing-new-siding.jpg, 11.614
211, https://www.beyondexteriors.com/wp-content/uploads/2018/02/Centreville-VA-siding-installation-and-replacement.jpg, 6.931
212, https://www.beyondexteriors.com/wp-content/uploads/2018/02/Chantilly-VA-siding-contractors-repairing-siding-on-home.jpg, 15.952
213, https://www.beyondexteriors.com/wp-content/uploads/2018/02/Chantilly-VA-siding-installation-and-replacement.jpg, 6.896
214, https://www.beyondexteriors.com/wp-content/uploads/2018/02/Clifton-VA-siding-contractors-installing-new-siding-on-home.jpg, 19.798
215, https://www.beyondexteriors.com/wp-content/uploads/2018/02/Clifton-VA-siding-installation-and-replacement.jpg, 6.753
216, https://www.beyondexteriors.com/wp-content/uploads/2018/02/Dulles-VA-siding-contractors-installing-siding.jpg, 14.383
217, https://www.beyondexteriors.com/wp-content/uploads/2018/02/Dulles-VA-siding-installation-and-replacement.jpg, 6.739
218, https://www.beyondexteriors.com/wp-content/uploads/2018/02/Dunn-Loring-VA-siding-contractors-repairing-siding.jpg, 20.826
219, https://www.beyondexteriors.com/wp-content/uploads/2018/02/Dunn-Loring-VA-siding-installation-and-replacement.jpg, 7.13
220, https://www.beyondexteriors.com/wp-content/uploads/2018/02/Fairfax-VA-siding-contractors-installing-new-siding-on-home.jpg, 13.669
221, https://www.beyondexteriors.com/wp-content/uploads/2018/01/Siding-Replacement-and-Installation-for-Fairfax-VA.jpg, 8.968
222, https://www.beyondexteriors.com/wp-content/uploads/2018/02/Great-Falls-VA-siding-contractors-prepping-siding-for-installation.jpg, 11.858
223, https://www.beyondexteriors.com/wp-content/uploads/2018/02/Great-Falls-VA-siding-installation-and-replacement.jpg, 7.101
224, https://www.beyondexteriors.com/wp-content/uploads/2018/02/Herndon-VA-siding-contractor-preparing-siding-for-home.jpg, 12.531
225, https://www.beyondexteriors.com/wp-content/uploads/2018/02/Herndon-VA-siding-installation-and-replacement.jpg, 7.757
226, https://www.beyondexteriors.com/wp-content/uploads/2018/02/Lansdowne-VA-siding-contractors-working-on-home-siding.jpg, 27.45
227, https://www.beyondexteriors.com/wp-content/uploads/2018/02/Lansdowne-VA-siding-installation-and-replacement.jpg, 7.793
228, https://www.beyondexteriors.com/wp-content/uploads/2018/02/Leesburg-VA-siding-contractors-installing-new-siding-on-home.jpg, 25.868
229, https://www.beyondexteriors.com/wp-content/uploads/2018/02/Leesburg-VA-siding-installation-and-replacement.jpg, 7.704
230, https://www.beyondexteriors.com/wp-content/uploads/2018/02/Siding-installation-by-Lowes-Island-VA-siding-contractors.jpg, 8.927
231, https://www.beyondexteriors.com/wp-content/uploads/2018/02/Lowes-Island-VA-siding-installation-and-replacement.jpg, 7.965
232, https://www.beyondexteriors.com/wp-content/uploads/2018/02/Siding-installation-being-performed-by-McLean-VA-siding-contractors.jpg, 8.25
233, https://www.beyondexteriors.com/wp-content/uploads/2018/02/McLean-VA-siding-installation-and-replacement.jpg, 7.731
234, https://www.beyondexteriors.com/wp-content/uploads/2018/02/Siding-installation-being-performed-by-Merrifield-VA-siding-contractors.jpg, 10.038
235, https://www.beyondexteriors.com/wp-content/uploads/2018/02/Merrifield-VA-siding-installation-and-replacement.jpg, 8.06
236, https://www.beyondexteriors.com/wp-content/uploads/2018/02/Siding-installation-work-by-Middleburg-VA-siding-contractors.jpg, 14.021
237, https://www.beyondexteriors.com/wp-content/uploads/2018/02/Middleburg-VA-siding-installation-and-replacement.jpg, 8.16
238, https://www.beyondexteriors.com/wp-content/uploads/2018/02/Siding-installation-work-by-Reston-VA-siding-contractors.jpg, 11.102
239, https://www.beyondexteriors.com/wp-content/uploads/2018/02/Reston-VA-siding-installation-and-replacement.jpg, 7.631
240, https://www.beyondexteriors.com/wp-content/uploads/2018/02/Rosslyn-VA-siding-contractors-installing-new-siding-on-home.jpg, 23.226
241, https://www.beyondexteriors.com/wp-content/uploads/2018/02/Rosslyn-VA-siding-installation-and-replacement.jpg, 7.692
242, https://www.beyondexteriors.com/wp-content/uploads/2018/02/Sterling-VA-siding-contractors-preparing-siding-for-home.jpg, 13.035
243, https://www.beyondexteriors.com/wp-content/uploads/2018/02/Sterling-VA-siding-installation-and-replacement.jpg, 7.745
244, https://www.beyondexteriors.com/wp-content/uploads/2018/02/Springfield-VA-siding-contractors-installing-new-siding-on-home.jpg, 11.301
245, https://www.beyondexteriors.com/wp-content/uploads/2018/02/Springfield-VA-siding-installation-and-replacement.jpg, 8.119
246, https://www.beyondexteriors.com/wp-content/uploads/2018/02/Tysons-Corner-VA-siding-contractors-prepping-siding-for-home.jpg, 28.037
247, https://www.beyondexteriors.com/wp-content/uploads/2018/02/Tysons-Corner-VA-siding-installation-and-replacement.jpg, 7.901
248, https://www.beyondexteriors.com/wp-content/uploads/2018/02/Siding-installation-completed-by-Vienna-VA-siding-contractors.jpg, 12.294
249, https://www.beyondexteriors.com/wp-content/uploads/2018/02/Vienna-VA-siding-installation-and-replacement.jpg, 7.387
250, https://www.beyondexteriors.com/wp-content/uploads/2017/12/attic-insulation.jpg, 46.259
251, https://www.beyondexteriors.com/wp-content/uploads/2017/01/superior-home-insulation-300x168.jpg, 15.212
252, https://www.beyondexteriors.com/wp-content/uploads/2018/01/insulation-contractors-in-the-attic-300x200.jpg, 21.908
253, https://www.beyondexteriors.com/wp-content/uploads/2017/02/attic-insulation-installation-257x300.jpg, 21.99
254, https://www.beyondexteriors.com/wp-content/uploads/2018/01/Attic-insulation-work-by-Aldie-VA-insulation-contractors.jpg, 12.797
255, https://www.beyondexteriors.com/wp-content/uploads/2018/01/Insulation-services-in-Aldie-VA.jpg, 10.153
256, https://www.beyondexteriors.com/wp-content/uploads/2018/01/Attic-insulation-work-being-performed-by-Alexandria-VA-insulation-contractors.jpg, 19.6
257, https://www.beyondexteriors.com/wp-content/uploads/2018/01/Insulation-services-in-Alexandria-VA.jpg, 17.057
258, https://www.beyondexteriors.com/wp-content/uploads/2018/01/Attic-insulation-services-by-Annandale-VA-insulation-contractors.jpg, 12.382
259, https://www.beyondexteriors.com/wp-content/uploads/2018/01/Insulation-services-in-Annandale-VA.jpg, 10.695
260, https://www.beyondexteriors.com/wp-content/uploads/2018/01/Attic-insulation-services-being-done-by-Arlington-VA-insulation-contractors.jpg, 13.663
261, https://www.beyondexteriors.com/wp-content/uploads/2018/01/Insulation-services-in-Arlington-VA.jpg, 10.42
262, https://www.beyondexteriors.com/wp-content/uploads/2018/01/Attic-insulation-installed-by-Ashburn-VA-insulation-contractors.jpg, 12.741
263, https://www.beyondexteriors.com/wp-content/uploads/2018/01/Insulation-services-in-Ashburn-VA.jpg, 10.144
264, https://www.beyondexteriors.com/wp-content/uploads/2018/01/Attic-insulation-completed-by-Bethesda-MD-insulation-contractors.jpg, 10.728
265, https://www.beyondexteriors.com/wp-content/uploads/2018/01/Insulation-services-in-Bethesda-MD.jpg, 10.221
266, https://www.beyondexteriors.com/wp-content/uploads/2018/01/Insulation-in-attic-by-Brambleton-VA-insulation-contractors.jpg, 10.264
267, https://www.beyondexteriors.com/wp-content/uploads/2018/01/Insulation-services-in-Brambleton-VA.jpg, 10.865
268, https://www.beyondexteriors.com/wp-content/uploads/2018/01/Attic-insulation-work-done-by-Broadlands-VA-insulation-contractors.jpg, 21.799
269, https://www.beyondexteriors.com/wp-content/uploads/2018/01/Insulation-services-in-Broadlands-VA.jpg, 10.761
270, https://www.beyondexteriors.com/wp-content/uploads/2018/01/Insulation-in-attic-next-to-Burke-VA-insulation-contractors.jpg, 12.187
271, https://www.beyondexteriors.com/wp-content/uploads/2018/01/Insulation-services-in-Burke-VA.jpg, 10.233
272, https://www.beyondexteriors.com/wp-content/uploads/2018/01/Insulation-work-performed-by-a-Centreville-VA-insulation-contractor.jpg, 66.113
273, https://www.beyondexteriors.com/wp-content/uploads/2018/01/Insulation-services-in-Centreville-VA-1.jpg, 46.293
274, https://www.beyondexteriors.com/wp-content/uploads/2018/01/Attic-insulation-work-performed-by-Chantilly-VA-insulation-contractors.jpg, 13.501
275, https://www.beyondexteriors.com/wp-content/uploads/2018/01/Insulation-services-in-Chantilly-VA.jpg, 10.337
276, https://www.beyondexteriors.com/wp-content/uploads/2018/01/Clifton-VA-insulation-contractors-installing-attic-insulation.jpg, 10.958
277, https://www.beyondexteriors.com/wp-content/uploads/2018/01/Insulation-services-in-Clifton-VA.jpg, 10.008
278, https://www.beyondexteriors.com/wp-content/uploads/2018/01/Dulles-VA-insulation-contractors-installing-attic-insulation.jpg, 10.871
279, https://www.beyondexteriors.com/wp-content/uploads/2018/01/Insulation-services-in-Dulles-VA.jpg, 9.778
280, https://www.beyondexteriors.com/wp-content/uploads/2018/01/Dunn-Loring-VA-insulation-contractor-installing-attic-insulation.jpg, 12.663
281, https://www.beyondexteriors.com/wp-content/uploads/2018/01/Insulation-services-in-Dunn-Loring-VA.jpg, 10.818
282, https://www.beyondexteriors.com/wp-content/uploads/2018/01/Fairfax-VA-insulation-contractors-performing-attic-insulation-installation.jpg, 10.835
283, https://www.beyondexteriors.com/wp-content/uploads/2018/01/Insulation-services-in-Fairfax-VA.jpg, 10.199
284, https://www.beyondexteriors.com/wp-content/uploads/2018/01/Home-insulation-work-performed-by-Great-Falls-VA-insulation-contractors.jpg, 15.926
285, https://www.beyondexteriors.com/wp-content/uploads/2018/01/Insulation-services-in-Great-Falls-VA.jpg, 10.428
286, https://www.beyondexteriors.com/wp-content/uploads/2018/01/Herndon-VA-insulation-contractors-installing-insulation-on-home.jpg, 18.095
287, https://www.beyondexteriors.com/wp-content/uploads/2018/01/Insulation-services-in-Herndon-VA.jpg, 10.209
288, https://www.beyondexteriors.com/wp-content/uploads/2018/01/Lansdowne-VA-insulation-contractor-installing-attic-insulation.jpg, 12.372
289, https://www.beyondexteriors.com/wp-content/uploads/2018/01/Insulation-services-in-Lansdowne-VA.jpg, 10.266
290, https://www.beyondexteriors.com/wp-content/uploads/2018/01/Attic-Insulation-being-installed-by-Leesburg-VA-insulation-contractor.jpg, 11.566
291, https://www.beyondexteriors.com/wp-content/uploads/2018/01/Leesburg-VA-insulation-services.jpg, 10.073
292, https://www.beyondexteriors.com/wp-content/uploads/2018/01/Lowes-Island-VA-insulation-contractor-installing-attic-insulation.jpg, 13.112
293, https://www.beyondexteriors.com/wp-content/uploads/2018/01/Lowes-Island-VA-insulation-services.jpg, 10.396
294, https://www.beyondexteriors.com/wp-content/uploads/2018/01/McLean-VA-insulation-contractor-installing-attic-insulation.jpg, 21.506
295, https://www.beyondexteriors.com/wp-content/uploads/2018/01/Insulation-services-in-McLean-VA.jpg, 10.208
296, https://www.beyondexteriors.com/wp-content/uploads/2018/01/Attic-insulation-work-completed-by-Merrifield-VA-insulation-contractors.jpg, 13.024
297, https://www.beyondexteriors.com/wp-content/uploads/2018/01/Merrifield-VA-insulation-services.jpg, 10.58
298, https://www.beyondexteriors.com/wp-content/uploads/2018/01/Middleburg-VA-insulation-contractors-installing-attic-insulation.jpg, 21.609
299, https://www.beyondexteriors.com/wp-content/uploads/2018/01/Insulation-services-in-Middleburg-VA.jpg, 10.36
300, https://www.beyondexteriors.com/wp-content/uploads/2018/01/Reston-VA-insulation-contractors-installing-home-insulation.jpg, 9.013
301, https://www.beyondexteriors.com/wp-content/uploads/2018/01/Reston-VA-insulation-services.jpg, 10.039
302, https://www.beyondexteriors.com/wp-content/uploads/2018/01/Rosslyn-VA-insulation-contractors-installing-attic-insulation.jpg, 20.345
303, https://www.beyondexteriors.com/wp-content/uploads/2018/01/Insulation-services-in-Rosslyn-VA.jpg, 9.985
304, https://www.beyondexteriors.com/wp-content/uploads/2018/01/Springfield-VA-insulation-contractors-installing-attic-insulation.jpg, 16.243
305, https://www.beyondexteriors.com/wp-content/uploads/2018/01/Springfield-VA-insulation-services.jpg, 10.481
306, https://www.beyondexteriors.com/wp-content/uploads/2018/01/Insulation-work-completed-by-Sterling-VA-insulation-contractors.jpg, 13.905
307, https://www.beyondexteriors.com/wp-content/uploads/2018/01/Insulation-services-in-Sterling-VA.jpg, 9.992
308, https://www.beyondexteriors.com/wp-content/uploads/2018/01/Attic-insulation-work-performed-by-Tysons-Corner-VA-insulation-contractors.jpg, 11.916
309, https://www.beyondexteriors.com/wp-content/uploads/2018/01/Tysons-Corner-VA-insulation-services.jpg, 10.508
310, https://www.beyondexteriors.com/wp-content/uploads/2018/01/Attic-insulation-work-completed-by-Vienna-VA-insulation-contractors.jpg, 13.503
311, https://www.beyondexteriors.com/wp-content/uploads/2018/01/Insulation-services-in-Vienna-VA.jpg, 10.03
312, https://www.beyondexteriors.com/wp-content/uploads/2017/01/gutter-replacement-contractors.jpg, 42.68
313, https://www.beyondexteriors.com/wp-content/uploads/2018/01/copper-gutter-replacement.jpg, 15.978
314, https://www.beyondexteriors.com/wp-content/uploads/2018/01/aluminum-gutter-replacement.png, 66.494
315, https://www.beyondexteriors.com/wp-content/uploads/2018/01/gutter-replacement-leaf-protection.png, 86.298
316, https://www.beyondexteriors.com/wp-content/uploads/2017/07/aldie-va-gutter-installation-and-repair-300x225.jpg, 11.711
317, https://www.beyondexteriors.com/wp-content/uploads/2017/07/aldie-va-gutter-installation-300x200.jpg, 11.236
318, https://www.beyondexteriors.com/wp-content/uploads/2017/07/alexandria-va-gutter-installation-and-repair-199x300.jpg, 12.182
319, https://www.beyondexteriors.com/wp-content/uploads/2017/07/alexandria-va-gutter-installation-300x200.jpg, 11.794
320, https://www.beyondexteriors.com/wp-content/uploads/2017/07/annandale-va-gutter-installation-and-repair-199x300.jpg, 8.739
321, https://www.beyondexteriors.com/wp-content/uploads/2017/07/annandale-va-gutter-installation-300x200.jpg, 11.808
322, https://www.beyondexteriors.com/wp-content/uploads/2017/07/arlington-va-gutter-installation-and-repair-300x230.jpg, 8.153
323, https://www.beyondexteriors.com/wp-content/uploads/2017/07/arlington-va-gutter-installation-300x200.jpg, 11.675
324, https://www.beyondexteriors.com/wp-content/uploads/2017/07/ashburn-va-gutter-installation-and-repair-200x300.jpg, 11.1
325, https://www.beyondexteriors.com/wp-content/uploads/2017/07/ashburn-va-gutter-installation-300x200.jpg, 11.524
326, https://www.beyondexteriors.com/wp-content/uploads/2018/01/gutter-in-Bethesda-MD-needing-to-be-replaced-300x200.jpg, 23.04
327, https://www.beyondexteriors.com/wp-content/uploads/2018/01/professional-bethesda-gutter-repair-and-maintenance-300x200.jpg, 30.704
328, https://www.beyondexteriors.com/wp-content/uploads/2017/07/broadlands-va-gutter-installation-and-repair.jpg, 8.799
329, https://www.beyondexteriors.com/wp-content/uploads/2017/07/broadlands-va-gutter-installation-300x200.jpg, 11.876
330, https://www.beyondexteriors.com/wp-content/uploads/2018/01/newly-installed-gutter-in-Brambleton-VA-300x200.jpg, 18.767
331, https://www.beyondexteriors.com/wp-content/uploads/2018/01/contractor-in-brambleton-providing-reliable-gutter-repair-maintenance-300x200.jpg, 16.743
332, https://www.beyondexteriors.com/wp-content/uploads/2017/07/burke-va-gutter-installation-and-repair-300x200.jpg, 15.163
333, https://www.beyondexteriors.com/wp-content/uploads/2017/07/burke-va-gutter-installation-300x200.jpg, 11.328
334, https://www.beyondexteriors.com/wp-content/uploads/2017/07/Centreville-VA-Gutter-Installation1-300x200.jpg, 15.163
335, https://www.beyondexteriors.com/wp-content/uploads/2017/07/centreville-va-gutter-installation-300x200.jpg, 11.78
336, https://www.beyondexteriors.com/wp-content/uploads/2017/07/chantilly-va-gutter-installation-and-repair-199x300.jpg, 13.695
337, https://www.beyondexteriors.com/wp-content/uploads/2017/07/chantilly-va-gutter-installation-300x200.jpg, 11.655
338, https://www.beyondexteriors.com/wp-content/uploads/2017/07/clifton-va-gutter-installation-and-repair-199x300.jpg, 11.61
339, https://www.beyondexteriors.com/wp-content/uploads/2017/07/clifton-va-gutter-installation-300x200.jpg, 11.359
340, https://www.beyondexteriors.com/wp-content/uploads/2018/01/gutter-installation-result-in-Dulles-VA-300x200.jpg, 21.36
341, https://www.beyondexteriors.com/wp-content/uploads/2018/01/clogged-Dulles-VA-gutter-receiving-maintenance-300x200.jpg, 24.808
342, https://www.beyondexteriors.com/wp-content/uploads/2017/07/dunn-loring-va-gutter-installation-and-repair-232x300.jpg, 9.937
343, https://www.beyondexteriors.com/wp-content/uploads/2017/07/dunn-loring-va-gutter-installation-300x200.jpg, 11.779
344, https://www.beyondexteriors.com/wp-content/uploads/2017/07/fairfax-va-gutter-installation-and-repair-300x200.jpg, 8.132
345, https://www.beyondexteriors.com/wp-content/uploads/2017/07/fairfax-va-gutter-installation-300x200.jpg, 11.424
346, https://www.beyondexteriors.com/wp-content/uploads/2017/07/great-falls-va-gutter-installation-and-repair-300x200.jpg, 8.6
347, https://www.beyondexteriors.com/wp-content/uploads/2017/07/great-falls-va-gutter-installation-300x200.jpg, 11.776
348, https://www.beyondexteriors.com/wp-content/uploads/2017/07/herndon-va-gutter-installation-and-repair-200x300.jpg, 16.725
349, https://www.beyondexteriors.com/wp-content/uploads/2017/07/herndon-va-gutter-installation-300x200.jpg, 11.587
350, https://www.beyondexteriors.com/wp-content/uploads/2018/01/Lansdowne-VA-gutter-installation-300x200.jpg, 20.782
351, https://www.beyondexteriors.com/wp-content/uploads/2018/01/reliable-gutter-in-lansdowne-due-to-maintenance-300x200.jpg, 15.977
352, https://www.beyondexteriors.com/wp-content/uploads/2018/01/installion-of-a-Leesburg-VA-gutter-filled-with-leaves-300x200.jpg, 23.884
353, https://www.beyondexteriors.com/wp-content/uploads/2018/01/maintenance-of-a-wet-Leesburg-gutter-after-a-storm-300x200.jpg, 20.21
354, https://www.beyondexteriors.com/wp-content/uploads/2018/01/recently-installed-Lowes-Island-VA-gutter-300x200.jpg, 12.603
355, https://www.beyondexteriors.com/wp-content/uploads/2018/01/contractor-performing-an-expert-gutter-repair-in-Lowes-Island-VA-300x200.jpg, 17.392
356, https://www.beyondexteriors.com/wp-content/uploads/2017/07/mclean-va-gutter-installation-and-repair-300x200.jpg, 11.113
357, https://www.beyondexteriors.com/wp-content/uploads/2017/07/mclean-va-gutter-installation-300x200.jpg, 11.507
358, https://www.beyondexteriors.com/wp-content/uploads/2017/07/merrifield-va-gutter-installation-and-repair-300x211.jpg, 8.159
359, https://www.beyondexteriors.com/wp-content/uploads/2017/07/merrifield-va-gutter-installation-300x200.jpg, 11.725
360, https://www.beyondexteriors.com/wp-content/uploads/2018/01/Middleburg-VA-gutter-installation-300x200.jpg, 20.607
361, https://www.beyondexteriors.com/wp-content/uploads/2018/01/professional-gutter-and-downspout-repair-in-Middleburg-VA-300x200.jpg, 15.814
362, https://www.beyondexteriors.com/wp-content/uploads/2017/07/reston-va-gutter-installation-and-repair-300x200.jpg, 11.663
363, https://www.beyondexteriors.com/wp-content/uploads/2017/07/reston-va-gutter-installation-300x200.jpg, 11.426
364, https://www.beyondexteriors.com/wp-content/uploads/2018/01/new-gutter-installation-in-Rosslyn-VA-300x200.jpg, 24.444
365, https://www.beyondexteriors.com/wp-content/uploads/2018/01/gutter-in-Rosslyn-VA-being-sawed-off-and-repaired-300x200.jpg, 21.205
366, https://www.beyondexteriors.com/wp-content/uploads/2017/07/springfield-va-gutter-installation-and-repair-200x300.jpg, 14.173
367, https://www.beyondexteriors.com/wp-content/uploads/2017/07/springfield-va-gutter-installation-300x200.jpg, 11.903
368, https://www.beyondexteriors.com/wp-content/uploads/2017/07/sterling-va-gutter-installation-and-repair-300x200.jpg, 7.431
369, https://www.beyondexteriors.com/wp-content/uploads/2017/07/sterling-va-gutter-installation-300x200.jpg, 11.531
370, https://www.beyondexteriors.com/wp-content/uploads/2018/01/Tysons-Corner-VA-gutter-installation-300x200.jpg, 19.674
371, https://www.beyondexteriors.com/wp-content/uploads/2018/01/reliable-gutter-in-Tysons-Corner-VA-after-repairs-and-maintenance-300x200.jpg, 19.04
372, https://www.beyondexteriors.com/wp-content/uploads/2017/07/vienna-va-gutter-installation-and-repair-300x200.jpg, 14.991
373, https://www.beyondexteriors.com/wp-content/uploads/2017/07/vienna-va-gutter-installation-300x200.jpg, 11.366
374, https://www.beyondexteriors.com/wp-content/uploads/2018/01/be-doors-1.jpg, 28.592
375, https://www.beyondexteriors.com/wp-content/uploads/2018/01/front-door-replacement-300x200.jpg, 25.458
376, https://www.beyondexteriors.com/wp-content/uploads/2017/01/wood-doors.png, 74.215
377, https://www.beyondexteriors.com/wp-content/uploads/2017/01/patio-doors.png, 72.714
378, https://www.beyondexteriors.com/wp-content/uploads/2018/01/newly-replaced-door-in-Aldie-VA-300x200.jpg, 25.102
379, https://www.beyondexteriors.com/wp-content/uploads/2018/01/door-installed-by-Aldie-VA-door-replacement-contractors-300x200.jpg, 23.547
380, https://www.beyondexteriors.com/wp-content/uploads/2018/01/door-of-house-in-Alexandria-VA-300x200.jpg, 25.497
381, https://www.beyondexteriors.com/wp-content/uploads/2018/01/Alexandria-VA-door-replacement-service-worker-300x200.jpg, 14.443
382, https://www.beyondexteriors.com/wp-content/uploads/2018/01/Annandale-VA-door-that-was-just-replaced-300x200.jpg, 27.246
383, https://www.beyondexteriors.com/wp-content/uploads/2018/01/wooden-door-in-Annandale-VA-300x200.jpg, 29.873
384, https://www.beyondexteriors.com/wp-content/uploads/2018/01/bluish-gray-Arlington-VA-door-300x200.jpg, 19.609
385, https://www.beyondexteriors.com/wp-content/uploads/2018/01/patio-doors-in-Arlington-VA-300x200.jpg, 25.051
386, https://www.beyondexteriors.com/wp-content/uploads/2018/01/Ashburn-VA-door-replacement-in-progress-300x200.jpg, 7.326
387, https://www.beyondexteriors.com/wp-content/uploads/2018/01/Ashburn-VA-front-door-300x200.jpg, 16.336
388, https://www.beyondexteriors.com/wp-content/uploads/2018/01/Bethesda-MD-door-replacement-contractor-300x200.jpg, 22.5
389, https://www.beyondexteriors.com/wp-content/uploads/2018/01/new-wood-door-installed-in-Bethesda-300x200.jpg, 30.902
390, https://www.beyondexteriors.com/wp-content/uploads/2018/01/Brambleton-VA-door-replacement-results-300x200.jpg, 26.376
391, https://www.beyondexteriors.com/wp-content/uploads/2018/01/front-door-from-the-inside-of-a-Brambleton-VA-home-300x200.jpg, 17.413
392, https://www.beyondexteriors.com/wp-content/uploads/2018/02/result-of-a-Broadlands-VA-door-replacement-300x200.jpg, 10.664
393, https://www.beyondexteriors.com/wp-content/uploads/2018/02/wooden-door-in-Broadlands-VA-300x200.jpg, 22.952
394, https://www.beyondexteriors.com/wp-content/uploads/2018/02/Burke-VA-door-made-out-of-wood-300x200.jpg, 25.292
395, https://www.beyondexteriors.com/wp-content/uploads/2018/02/wooden-Burke-VA-door-replacement-done-by-a-contractor-300x200.jpg, 23.413
396, https://www.beyondexteriors.com/wp-content/uploads/2018/02/back-door-in-Centreville-VA-just-recently-replaced-300x200.jpg, 11.117
397, https://www.beyondexteriors.com/wp-content/uploads/2018/02/Centreville-VA-front-door-leading-to-a-forest-300x200.jpg, 27.676
398, https://www.beyondexteriors.com/wp-content/uploads/2018/02/Chantilly-VA-front-door-with-wooden-steps-in-front-300x200.jpg, 26.427
399, https://www.beyondexteriors.com/wp-content/uploads/2018/02/wooden-door-built-through-Chantilly-VA-door-replacement-services-300x200.jpg, 34.316
400, https://www.beyondexteriors.com/wp-content/uploads/2018/02/product-of-a-Clifton-VA-door-replacement-300x200.jpg, 28.59
401, https://www.beyondexteriors.com/wp-content/uploads/2018/02/front-door-of-a-Clifton-VA-home-300x200.jpg, 27.196
402, https://www.beyondexteriors.com/wp-content/uploads/2018/02/brand-new-door-right-after-a-Dulles-VA-door-replacement-300x200.jpg, 16.329
403, https://www.beyondexteriors.com/wp-content/uploads/2018/02/house-in-Dulles-VA-with-a-newly-replaced-entry-door-300x200.jpg, 24.097
404, https://www.beyondexteriors.com/wp-content/uploads/2018/02/house-in-Dunn-Loring-VA-with-a-new-blue-door-300x200.jpg, 18.651
405, https://www.beyondexteriors.com/wp-content/uploads/2018/02/new-door-built-by-Dunn-Loring-VA-door-replacement-contractors-300x200.jpg, 20.452
406, https://www.beyondexteriors.com/wp-content/uploads/2018/02/red-door-and-brick-siding-of-a-Fairfax-VA-home-300x200.jpg, 31.63
407, https://www.beyondexteriors.com/wp-content/uploads/2018/02/contractor-performing-a-Fairfax-VA-door-replacement-300x200.jpg, 17.32
408, https://www.beyondexteriors.com/wp-content/uploads/2018/02/red-Great-Falls-VA-door-that-replaced-an-old-door-300x200.jpg, 31.687
409, https://www.beyondexteriors.com/wp-content/uploads/2018/02/man-opening-his-new-wooden-door-in-Great-Falls-VA-300x200.jpg, 13.725
410, https://www.beyondexteriors.com/wp-content/uploads/2018/02/Herndon-VA-home-with-a-commercial-door-300x200.jpg, 18.897
411, https://www.beyondexteriors.com/wp-content/uploads/2018/02/brand-new-door-following-a-Herndon-VA-door-replacement-300x200.jpg, 12.94
412, https://www.beyondexteriors.com/wp-content/uploads/2018/02/modern-house-in-Lansdowne-VA-with-a-modern-door-300x200.jpg, 16.774
413, https://www.beyondexteriors.com/wp-content/uploads/2018/02/Lansdowne-VA-door-replacement-contractor-installing-a-door-lock-300x200.jpg, 19.149
414, https://www.beyondexteriors.com/wp-content/uploads/2018/02/beautiful-new-Leesburg-VA-door-for-a-brand-new-home-300x200.jpg, 19.099
415, https://www.beyondexteriors.com/wp-content/uploads/2018/02/contractor-performing-a-Leesburg-VA-door-replacement-300x200.jpg, 21.102
416, https://www.beyondexteriors.com/wp-content/uploads/2018/02/picture-of-door-taken-after-a-Lowes-Island-VA-door-replacement-300x200.jpg, 7.25
417, https://www.beyondexteriors.com/wp-content/uploads/2018/02/red-door-of-brick-house-in-Lowes-Island-VA-300x200.jpg, 31.843
418, https://www.beyondexteriors.com/wp-content/uploads/2018/02/interior-of-a-McLean-VA-home-with-the-front-entry-door-300x200.jpg, 11.972
419, https://www.beyondexteriors.com/wp-content/uploads/2018/02/old-fashioned-home-in-need-of-a-McLean-VA-door-replacement-300x200.jpg, 12.826
420, https://www.beyondexteriors.com/wp-content/uploads/2018/02/man-opening-a-modern-front-door-in-his-Merrifield-VA-home-300x200.jpg, 9.813
421, https://www.beyondexteriors.com/wp-content/uploads/2018/02/exterior-of-a-home-that-just-received-a-Merrifield-VA-door-replacement-300x200.jpg, 27.392
422, https://www.beyondexteriors.com/wp-content/uploads/2018/02/redwood-door-at-the-front-of-a-Middleburg-VA-home-300x200.jpg, 25.58
423, https://www.beyondexteriors.com/wp-content/uploads/2018/02/Middleburg-VA-door-replacement-contractor-building-a-custom-door-300x200.jpg, 13.237
424, https://www.beyondexteriors.com/wp-content/uploads/2018/02/foyer-of-a-Reston-VA-home-with-a-woodern-entry-door-300x200.jpg, 16.167
425, https://www.beyondexteriors.com/wp-content/uploads/2018/02/door-handle-installed-by-Reston-VA-door-replacement-contractors-300x200.jpg, 11.747
426, https://www.beyondexteriors.com/wp-content/uploads/2018/02/inside-of-a-Rosslyn-VA-home-with-beautiful-doors-300x200.jpg, 17.6
427, https://www.beyondexteriors.com/wp-content/uploads/2018/02/carpenter-working-on-a-door-replacement-in-Rosslyn-VA-300x200.jpg, 23.124
428, https://www.beyondexteriors.com/wp-content/uploads/2018/02/interior-of-a-modern-house-about-to-undergo-a-Springfield-VA-door-replacement-300x200.jpg, 16.069
429, https://www.beyondexteriors.com/wp-content/uploads/2018/02/brick-and-mortar-house-in-Springfield-VA-with-a-red-replacement-door-300x200.jpg, 21.901
430, https://www.beyondexteriors.com/wp-content/uploads/2018/02/glass-entry-door-of-a-Sterling-VA-home-covered-in-rain-300x200.jpg, 18.588
431, https://www.beyondexteriors.com/wp-content/uploads/2018/02/female-contractor-conducting-a-Sterling-VA-door-replacement-300x200.jpg, 17.112
432, https://www.beyondexteriors.com/wp-content/uploads/2018/02/interior-of-a-Tysons-Corner-VA-home-with-a-chair-plant-and-entry-door-300x200.jpg, 11.751
433, https://www.beyondexteriors.com/wp-content/uploads/2018/02/man-opening-the-front-door-of-his-Tysons-Corner-VA-home-300x200.jpg, 12.342
434, https://www.beyondexteriors.com/wp-content/uploads/2018/02/recently-installed-replacement-front-door-of-a-Vienna-VA-home-300x200.jpg, 9.953
435, https://www.beyondexteriors.com/wp-content/uploads/2018/02/old-style-Vienna-VA-house-with-a-blue-door-and-a-bicycle-up-against-it-300x200.jpg, 34.951
436, https://www.beyondexteriors.com/wp-content/uploads/2017/01/window-replacement-contractors.jpg, 46.88
437, https://www.beyondexteriors.com/wp-content/uploads/2017/01/wood-window-replacements.jpg, 11.775
438, https://www.beyondexteriors.com/wp-content/uploads/2017/01/fiberglass-window-replacements.jpg, 12.329
439, https://www.beyondexteriors.com/wp-content/uploads/2017/01/vinyl-window-replacements.jpg, 11.128
440, https://www.beyondexteriors.com/wp-content/uploads/2018/01/contractors-offering-Aldie-VA-window-replacement-services-300x200.jpg, 13.035
441, https://www.beyondexteriors.com/wp-content/uploads/2018/01/vinyl-bay-windows-in-Aldie-VA-300x200.jpg, 13.02
442, https://www.beyondexteriors.com/wp-content/uploads/2018/01/wooden-windows-to-be-replaced-in-Alexandria-VA-300x200.jpg, 25.97
443, https://www.beyondexteriors.com/wp-content/uploads/2018/01/Alexandria-VA-window-replacement-services-contractors-300x200.jpg, 18.781
444, https://www.beyondexteriors.com/wp-content/uploads/2018/01/contractor-conducting-Annandale-VA-window-replacement-services-300x200.jpg, 17.867
445, https://www.beyondexteriors.com/wp-content/uploads/2018/01/recently-installed-Annandale-VA-windows-300x200.jpg, 16.248
446, https://www.beyondexteriors.com/wp-content/uploads/2018/01/window-replacement-contractors-in-Arlington-VA-300x200.jpg, 14.172
447, https://www.beyondexteriors.com/wp-content/uploads/2018/01/Arlington-VA-vinyl-windows-300x200.jpg, 14.692
448, https://www.beyondexteriors.com/wp-content/uploads/2018/01/window-being-replaced-in-Ashburn-VA-300x200.jpg, 15.318
449, https://www.beyondexteriors.com/wp-content/uploads/2018/01/Ashburn-VA-windows-that-were-just-replaced-300x200.jpg, 16.179
450, https://www.beyondexteriors.com/wp-content/uploads/2018/01/giant-Bethesda-MD-vinyl-windows-300x200.jpg, 11.57
451, https://www.beyondexteriors.com/wp-content/uploads/2018/01/window-contractor-performing-Bethesda-MD-window-replacement-services-300x200.jpg, 17.698
452, https://www.beyondexteriors.com/wp-content/uploads/2018/01/Brambleton-VA-window-replacement-services-being-conducted-300x200.jpg, 16.652
453, https://www.beyondexteriors.com/wp-content/uploads/2018/01/window-installation-completed-in-Brambleton-VA-300x200.jpg, 18.279
454, https://www.beyondexteriors.com/wp-content/uploads/2018/01/newly-installed-Broadlands-VA-vinyl-windows-300x200.jpg, 14.626
455, https://www.beyondexteriors.com/wp-content/uploads/2018/01/Broadlands-VA-window-replacement-services-300x200.jpg, 16.855
456, https://www.beyondexteriors.com/wp-content/uploads/2018/01/woman-sitting-next-to-a-Burke-VA-window-300x200.jpg, 14.062
457, https://www.beyondexteriors.com/wp-content/uploads/2018/01/contractor-performing-Burke-VA-window-replacement-services-after-installing-a-door-300x200.jpg, 18.504
458, https://www.beyondexteriors.com/wp-content/uploads/2018/01/window-replacement-contractor-working-in-Centreville-VA-300x200.jpg, 11.956
459, https://www.beyondexteriors.com/wp-content/uploads/2018/01/multiple-vinyl-windows-in-Centreville-VA-300x200.jpg, 13.742
460, https://www.beyondexteriors.com/wp-content/uploads/2018/01/teddy-bear-in-between-two-wooden-Chantilly-VA-windows-300x200.jpg, 23.441
461, https://www.beyondexteriors.com/wp-content/uploads/2018/01/two-contractors-replacing-an-old-Chantilly-VA-window-300x200.jpg, 19.427
462, https://www.beyondexteriors.com/wp-content/uploads/2018/01/Clifton-VA-window-replacement-services-carried-out-by-workers-300x200.jpg, 18.389
463, https://www.beyondexteriors.com/wp-content/uploads/2018/01/woman-using-a-squeegee-on-her-vinyl-Clifton-VA-windows-300x200.jpg, 23.764
464, https://www.beyondexteriors.com/wp-content/uploads/2018/01/construction-worker-installing-a-new-Dulles-VA-window-300x200.jpg, 15.705
465, https://www.beyondexteriors.com/wp-content/uploads/2018/01/vinyl-Dulles-VA-windows-that-were-just-replaced-300x200.jpg, 11.109
466, https://www.beyondexteriors.com/wp-content/uploads/2018/01/contractor-finishing-up-his-Dunn-Loring-VA-window-replacement-services-job-300x200.jpg, 21.772
467, https://www.beyondexteriors.com/wp-content/uploads/2018/01/window-contractor-from-Dunn-Loring-VA-measuring-vinyl-windows-300x200.jpg, 16.844
468, https://www.beyondexteriors.com/wp-content/uploads/2018/01/contractors-work-on-a-Fairfax-VA-window-replacement-300x200.jpg, 20.787
469, https://www.beyondexteriors.com/wp-content/uploads/2018/01/small-Fairfax-VA-window-replacement-services-300x200.jpg, 16.169
470, https://www.beyondexteriors.com/wp-content/uploads/2018/01/windows-of-a-lake-house-in-Great-Falls-VA-300x200.jpg, 15.001
471, https://www.beyondexteriors.com/wp-content/uploads/2018/01/Great-Falls-VA-window-replacement-services-run-by-a-contractor-300x200.jpg, 17.569
472, https://www.beyondexteriors.com/wp-content/uploads/2018/01/contractor-measuring-a-Herndon-VA-window-to-be-replaced-300x200.jpg, 16.813
473, https://www.beyondexteriors.com/wp-content/uploads/2018/01/brand-new-Herndon-VA-windows-made-of-vinyl-300x200.jpg, 10.04
474, https://www.beyondexteriors.com/wp-content/uploads/2018/01/adjacent-Lansdowne-VA-windows-in-the-form-of-rectangles-300x200.jpg, 13.311
475, https://www.beyondexteriors.com/wp-content/uploads/2018/01/living-room-in-Lansdowne-VA-with-a-newly-replaced-window-300x200.jpg, 11.509
476, https://www.beyondexteriors.com/wp-content/uploads/2018/01/girl-and-her-dog-in-Leesburg-VA-looking-out-their-newly-replaced-window-300x200.jpg, 16.977
477, https://www.beyondexteriors.com/wp-content/uploads/2018/01/old-Leesburg-VA-building-with-plenty-of-vinyl-windows-300x200.jpg, 29.119
478, https://www.beyondexteriors.com/wp-content/uploads/2018/01/contractor-beginning-a-Lowes-Island-VA-window-replacement-services-project-300x200.jpg, 24.571
479, https://www.beyondexteriors.com/wp-content/uploads/2018/01/plenty-of-vinyl-windows-lined-up-together-in-a-Lowes-Island-VA-home-300x200.jpg, 19.366
480, https://www.beyondexteriors.com/wp-content/uploads/2018/01/McLean-VA-window-contractor-performing-a-window-replacement-300x200.jpg, 18.615
481, https://www.beyondexteriors.com/wp-content/uploads/2018/01/boy-looking-out-of-a-newly-replaced-window-in-his-McLean-VA-home-300x200.jpg, 17.334
482, https://www.beyondexteriors.com/wp-content/uploads/2018/01/Merrifield-VA-window-replacement-services-done-by-a-Merrifield-contractor-300x200.jpg, 13.972
483, https://www.beyondexteriors.com/wp-content/uploads/2018/01/plant-in-the-window-of-a-brand-new-Merrifield-VA-vinyl-window-300x200.jpg, 20.669
484, https://www.beyondexteriors.com/wp-content/uploads/2018/01/woman-excited-with-her-new-replacement-window-in-Middleburg-VA-300x200.jpg, 14.382
485, https://www.beyondexteriors.com/wp-content/uploads/2018/01/Middleburg-VA-window-replacement-services-contractor-replacing-vinyl-windows-300x200.jpg, 21.014
486, https://www.beyondexteriors.com/wp-content/uploads/2018/01/man-conducting-Reston-VA-window-replacement-services-with-coworker-300x200.jpg, 17.267
487, https://www.beyondexteriors.com/wp-content/uploads/2018/01/beautiful-vinyl-windows-in-a-Reston-VA-home-300x200.jpg, 16.195
488, https://www.beyondexteriors.com/wp-content/uploads/2018/01/Rosslyn-VA-window-replacement-services-done-by-contractors-300x200.jpg, 21.977
489, https://www.beyondexteriors.com/wp-content/uploads/2018/01/vinyl-windows-in-Rosslyn-VA-displaying-all-four-seasons-300x200.jpg, 16.662
490, https://www.beyondexteriors.com/wp-content/uploads/2018/01/old-Springfield-VA-building-window-that-needs-a-replacement-300x200.jpg, 22.125
491, https://www.beyondexteriors.com/wp-content/uploads/2018/01/man-installing-a-new-window-for-a-Springfield-VA-home-300x200.jpg, 16.356
492, https://www.beyondexteriors.com/wp-content/uploads/2018/01/window-replacement-service-job-in-Sterling-VA-300x200.jpg, 11.231
493, https://www.beyondexteriors.com/wp-content/uploads/2018/01/Sterling-VA-bedroom-with-pillows-lined-up-next-to-vinyl-windows-300x200.jpg, 25.12
494, https://www.beyondexteriors.com/wp-content/uploads/2018/01/contractor-working-for-his-Tysons-Corner-VA-window-replacement-services-300x200.jpg, 20.804
495, https://www.beyondexteriors.com/wp-content/uploads/2018/01/stylish-Tysons-Corner-VA-windows-installed-by-service-contractors-300x200.jpg, 13.624
496, https://www.beyondexteriors.com/wp-content/uploads/2018/01/Vienna-VA-window-replacement-services-done-by-a-man-in-a-hard-hat-300x200.jpg, 21.336
497, https://www.beyondexteriors.com/wp-content/uploads/2018/01/woman-looking-through-her-new-Vienna-VA-vinyl-windows-300x200.jpg, 14.022
498, https://www.beyondexteriors.com/wp-content/uploads/2017/01/schedule-consultation.jpg, 58.608
499, https://scontent-iad3-1.xx.fbcdn.net/v/t1.0-1/31503076_1994419763932612_3327799244294717440_n.jpg?_nc_cat=0&oh=4e6ea72dbf4f36e0ed4989d098402e33&oe=5BBEE629, 4.502
500, https://static.xx.fbcdn.net/rsrc.php/v3/yJ/r/yLtEhZl0QOJ.png, 0.235
501, https://static.xx.fbcdn.net/rsrc.php/v3/y5/r/dsGlZIZMa30.png, 0.304
502, https://external-iad3-1.xx.fbcdn.net/static_map.php?v=40&osm_provider=2&size=306x98&zoom=15&markers=38.89569000%2C-77.44973000&language=en_US, 9.637
503, https://static.xx.fbcdn.net/rsrc.php/v3/y5/r/b1oBucHUO1S.png, 0.292
504, https://static.xx.fbcdn.net/rsrc.php/v3/yz/r/oXiCJHPgn3c.png, 0.467
505, https://static.xx.fbcdn.net/rsrc.php/v3/yU/r/ZBnKG6mAW8D.png, 0.432
506, https://static.xx.fbcdn.net/rsrc.php/v3/y_/r/On-c9iceH4S.png, 0.2
507, https://static.xx.fbcdn.net/rsrc.php/v3/y_/r/p_aTQryawVx.png, 0.426
508, https://static.xx.fbcdn.net/rsrc.php/v3/yz/r/mjMMFCxI5fv.png, 0.311
509, https://scontent-iad3-1.xx.fbcdn.net/v/t1.0-1/p56x56/13407130_1028181420632838_9166822635872526674_n.jpg?_nc_cat=0&oh=aba9b37aeabd4515dbb23589cd1d97dd&oe=5B7BA089, 1.3
510, https://scontent-iad3-1.xx.fbcdn.net/v/t1.0-1/p56x56/13592743_1170450269701665_6680544169451158804_n.jpg?_nc_cat=0&oh=cac902ff00ecd4d3f41bf38b35f11bd4&oe=5BB15832, 1.349
511, https://scontent-iad3-1.xx.fbcdn.net/v/t1.0-1/c12.0.56.56/p56x56/10277478_734885353293807_5120376137867151952_n.jpg?_nc_cat=0&oh=74cb26057927475381ee65adc0dac249&oe=5B7EDD3A, 1.851
512, https://scontent-iad3-1.xx.fbcdn.net/v/t1.0-1/p56x56/1962771_10152297067274321_303129853_n.jpg?_nc_cat=0&oh=ffd80616e0800deca24bd9264cebddfc&oe=5B82B7D1, 1.548
513, https://scontent-iad3-1.xx.fbcdn.net/v/t1.0-1/p56x56/13876642_10153546471131486_7301507030968823001_n.jpg?_nc_cat=0&oh=30572fa01a536e712899510bfa22b1f8&oe=5BBE38FD, 1.98
514, https://external-iad3-1.xx.fbcdn.net/safe_image.php?d=AQAkVosQy0GLeKyV&w=52&h=52&url=http%3A%2F%2Fupload.wikimedia.org%2Fwikipedia%2Fen%2F2%2F2c%2FCertainTeedLogo.jpg&cfs=1&fallback=hub_likes&f&_nc_hash=AQCBcLkPExDnIf1L, 1.456
515, https://scontent-iad3-1.xx.fbcdn.net/v/t1.0-1/c16.0.56.56/p56x56/10645251_10150004552801937_4553731092814901385_n.jpg?_nc_cat=0&oh=abb91ed5423d93f331479b9ed12d8a08&oe=5B762D06, 1.023
516, https://scontent-iad3-1.xx.fbcdn.net/v/t1.0-1/p56x56/10308210_10213157494144212_3182527786569736136_n.jpg?_nc_cat=0&oh=2969771d69195cf4d964aa1ec285e764&oe=5BB7199B, 2.096
517, https://scontent-iad3-1.xx.fbcdn.net/v/t1.0-1/p56x56/379648_10202342633919603_1595756239_n.jpg?_nc_cat=0&oh=670d86fe4154a53f29488a66900aa70b&oe=5BBD135C, 1.815
518, https://scontent-iad3-1.xx.fbcdn.net/v/t1.0-9/33161867_2025894804118441_2576734559441780736_n.jpg?_nc_cat=0&oh=e970f31ccb583988cef88d041e5064b6&oe=5B813DE6, 22.299
519, https://scontent-iad3-1.xx.fbcdn.net/v/t1.0-0/s261x260/32077111_2003880252986563_4242595048908128256_n.jpg?_nc_cat=0&oh=2df3968f740b00d30aa8d10bcfc17a5c&oe=5BC2839D, 16.411
520, https://scontent-iad3-1.xx.fbcdn.net/v/t1.0-9/31503076_1994419763932612_3327799244294717440_n.jpg?_nc_cat=0&oh=243a35dfab04c70f7b6d2ad598592352&oe=5BB7EFA3, 4.502
521, https://scontent-iad3-1.xx.fbcdn.net/v/t1.0-1/p50x50/31503076_1994419763932612_3327799244294717440_n.jpg?_nc_cat=0&oh=e569fb976965c87c1da1ef1a2495a494&oe=5B785A51, 1.304
522, https://scontent-iad3-1.xx.fbcdn.net/v/t1.0-1/p50x50/31503076_1994419763932612_3327799244294717440_n.jpg?_nc_cat=0&oh=e569fb976965c87c1da1ef1a2495a494&oe=5B785A51, 1.304
523, https://scontent-iad3-1.xx.fbcdn.net/v/t1.0-1/p50x50/31503076_1994419763932612_3327799244294717440_n.jpg?_nc_cat=0&oh=e569fb976965c87c1da1ef1a2495a494&oe=5B785A51, 1.304
524, https://scontent-iad3-1.xx.fbcdn.net/v/t1.0-1/p50x50/31503076_1994419763932612_3327799244294717440_n.jpg?_nc_cat=0&oh=e569fb976965c87c1da1ef1a2495a494&oe=5B785A51, 1.304
525, https://scontent-iad3-1.xx.fbcdn.net/v/t1.0-1/p50x50/31503076_1994419763932612_3327799244294717440_n.jpg?_nc_cat=0&oh=e569fb976965c87c1da1ef1a2495a494&oe=5B785A51, 1.304
526, https://scontent-iad3-1.xx.fbcdn.net/v/t1.0-1/p50x50/31503076_1994419763932612_3327799244294717440_n.jpg?_nc_cat=0&oh=e569fb976965c87c1da1ef1a2495a494&oe=5B785A51, 1.304
527, https://scontent-iad3-1.xx.fbcdn.net/v/t1.0-1/p50x50/31503076_1994419763932612_3327799244294717440_n.jpg?_nc_cat=0&oh=e569fb976965c87c1da1ef1a2495a494&oe=5B785A51, 1.304
528, https://external-iad3-1.xx.fbcdn.net/safe_image.php?d=AQBNC1gbDGB8AwK-&w=476&h=249&url=https%3A%2F%2Fwww.beyondexteriors.com%2Fwp-content%2Fuploads%2F2017%2F01%2Fcropped-favicon2.png&cfs=1&upscale=1&fallback=news_d_placeholder_publisher&_nc_hash=AQBPxWc1RFn43xd2, 1.116
529, https://scontent-iad3-1.xx.fbcdn.net/v/t1.0-1/p50x50/31503076_1994419763932612_3327799244294717440_n.jpg?_nc_cat=0&oh=e569fb976965c87c1da1ef1a2495a494&oe=5B785A51, 1.304
530, https://scontent-iad3-1.xx.fbcdn.net/v/t1.0-9/33161867_2025894804118441_2576734559441780736_n.jpg?_nc_cat=0&oh=e970f31ccb583988cef88d041e5064b6&oe=5B813DE6, 22.299
531, https://scontent-iad3-1.xx.fbcdn.net/v/t1.0-1/p50x50/31503076_1994419763932612_3327799244294717440_n.jpg?_nc_cat=0&oh=e569fb976965c87c1da1ef1a2495a494&oe=5B785A51, 1.304
532, https://external-iad3-1.xx.fbcdn.net/safe_image.php?d=AQChtYMcqqGt8dx1&w=160&h=160&url=https%3A%2F%2Fwww.beyondexteriors.com%2Fwp-content%2Fuploads%2F2018%2F02%2Fsnowy-Northern-VA-roof-needing-a-roof-repair.jpg&cfs=1&upscale=1&fallback=news_d_placeholder_publisher&_nc_hash=AQBXRZZTgC7oE12d, 6.867
533, https://scontent-iad3-1.xx.fbcdn.net/v/t1.0-1/p50x50/31503076_1994419763932612_3327799244294717440_n.jpg?_nc_cat=0&oh=e569fb976965c87c1da1ef1a2495a494&oe=5B785A51, 1.304
534, https://external-iad3-1.xx.fbcdn.net/safe_image.php?d=AQC8MAxmMKXkZB6k&w=160&h=160&url=https%3A%2F%2Fwww.beyondexteriors.com%2Fwp-content%2Fuploads%2F2018%2F03%2FMan-collecting-water-from-roof-leak.jpg&cfs=1&upscale=1&fallback=news_d_placeholder_publisher&_nc_hash=AQAUrX-CLnAPQCFy, 6.709
535, https://scontent-iad3-1.xx.fbcdn.net/v/t1.0-1/p50x50/31503076_1994419763932612_3327799244294717440_n.jpg?_nc_cat=0&oh=e569fb976965c87c1da1ef1a2495a494&oe=5B785A51, 1.304
536, https://external-iad3-1.xx.fbcdn.net/safe_image.php?d=AQBNJz66nmy3kXQT&w=160&h=160&url=https%3A%2F%2Fwww.beyondexteriors.com%2Fwp-content%2Fuploads%2F2017%2F12%2Fattic-insulation.jpg&cfs=1&upscale=1&fallback=news_d_placeholder_publisher&_nc_hash=AQDiFTcloAOpG3rb, 6.836
537, https://scontent-iad3-1.xx.fbcdn.net/v/t1.0-1/p50x50/31503076_1994419763932612_3327799244294717440_n.jpg?_nc_cat=0&oh=e569fb976965c87c1da1ef1a2495a494&oe=5B785A51, 1.304
538, https://external-iad3-1.xx.fbcdn.net/safe_image.php?d=AQDeL4PY39PfNXRl&w=160&h=160&url=https%3A%2F%2Fwww.beyondexteriors.com%2Fwp-content%2Fuploads%2F2018%2F03%2Froof-repair-contractor-laying-down-new-shingles.jpg&cfs=1&upscale=1&fallback=news_d_placeholder_publisher&_nc_hash=AQBFX0VJcCnWIY7l, 7.179
539, https://scontent-iad3-1.xx.fbcdn.net/v/t1.0-1/p50x50/31503076_1994419763932612_3327799244294717440_n.jpg?_nc_cat=0&oh=e569fb976965c87c1da1ef1a2495a494&oe=5B785A51, 1.304
540, https://scontent-iad3-1.xx.fbcdn.net/v/t1.0-1/p50x50/31503076_1994419763932612_3327799244294717440_n.jpg?_nc_cat=0&oh=e569fb976965c87c1da1ef1a2495a494&oe=5B785A51, 1.304
541, https://scontent-iad3-1.xx.fbcdn.net/v/t1.0-1/p50x50/31503076_1994419763932612_3327799244294717440_n.jpg?_nc_cat=0&oh=e569fb976965c87c1da1ef1a2495a494&oe=5B785A51, 1.304
542, https://external-iad3-1.xx.fbcdn.net/safe_image.php?d=AQDkowBfH1b4QVMf&w=160&h=160&url=https%3A%2F%2Fwww.beyondexteriors.com%2Fwp-content%2Fuploads%2F2017%2F01%2Fstormroof-300x201.jpg&cfs=1&upscale=1&fallback=news_d_placeholder_publisher&_nc_hash=AQCLBK49Ejc9gueB, 7.769
543, https://scontent-iad3-1.xx.fbcdn.net/v/t1.0-1/p50x50/31503076_1994419763932612_3327799244294717440_n.jpg?_nc_cat=0&oh=e569fb976965c87c1da1ef1a2495a494&oe=5B785A51, 1.304
544, https://external-iad3-1.xx.fbcdn.net/safe_image.php?d=AQBrBvVWr77VkL5x&w=160&h=160&url=https%3A%2F%2Fwww.beyondexteriors.com%2Fwp-content%2Fuploads%2F2018%2F03%2FGroup-of-quality-roofing-contractors.jpg&cfs=1&upscale=1&fallback=news_d_placeholder_publisher&_nc_hash=AQB6novJ-oq1b0Nj, 8.628
545, https://facebook.com/security/hsts-pixel.gif?c=3.2.5, 0.057
550, https://pbs.twimg.com/profile_images/1866113165/beyondexterior_1_400x400.gif, 148.401
551, https://pbs.twimg.com/profile_images/1866113165/beyondexterior_1_normal.gif, 1.852
552, https://pbs.twimg.com/profile_images/1866113165/beyondexterior_1_bigger.gif, 2.916
553, https://pbs.twimg.com/profile_images/1866113165/beyondexterior_1_bigger.gif, 2.916
554, https://pbs.twimg.com/profile_images/1866113165/beyondexterior_1_bigger.gif, 2.916
555, https://pbs.twimg.com/profile_images/1866113165/beyondexterior_1_bigger.gif, 2.916
556, https://pbs.twimg.com/profile_images/1866113165/beyondexterior_1_bigger.gif, 2.916
557, https://pbs.twimg.com/profile_images/1866113165/beyondexterior_1_bigger.gif, 2.916
558, https://pbs.twimg.com/profile_images/1866113165/beyondexterior_1_bigger.gif, 2.916
559, https://pbs.twimg.com/profile_images/1866113165/beyondexterior_1_bigger.gif, 2.916
560, https://pbs.twimg.com/media/Dd4pMuxVQAI7Wvh.jpg, 21.687
561, https://pbs.twimg.com/profile_images/1866113165/beyondexterior_1_bigger.gif, 2.916
562, https://pbs.twimg.com/profile_images/1866113165/beyondexterior_1_bigger.gif, 2.916
563, https://pbs.twimg.com/profile_images/1866113165/beyondexterior_1_bigger.gif, 2.916
564, https://pbs.twimg.com/profile_images/1866113165/beyondexterior_1_bigger.gif, 2.916
565, https://pbs.twimg.com/profile_images/1866113165/beyondexterior_1_bigger.gif, 2.916
566, https://pbs.twimg.com/profile_images/1866113165/beyondexterior_1_bigger.gif, 2.916
567, https://pbs.twimg.com/profile_images/1866113165/beyondexterior_1_bigger.gif, 2.916
568, https://pbs.twimg.com/profile_images/1866113165/beyondexterior_1_bigger.gif, 2.916
569, https://pbs.twimg.com/media/DcmNW_jU8AAmWKQ.jpg, 23.433
570, https://pbs.twimg.com/profile_images/1866113165/beyondexterior_1_bigger.gif, 2.916
571, https://pbs.twimg.com/profile_images/1866113165/beyondexterior_1_bigger.gif, 2.916
572, https://pbs.twimg.com/profile_images/1866113165/beyondexterior_1_bigger.gif, 2.916
573, https://pbs.twimg.com/profile_images/1866113165/beyondexterior_1_bigger.gif, 2.916
574, https://pbs.twimg.com/media/DKVPeO5W0AEbICS.jpg, 13.893
578, https://www.beyondexteriors.com/wp-content/uploads/2018/01/va-business-license.png, 14.152
579, https://www.beyondexteriors.com/wp-content/uploads/2018/01/dc-business-license.png, 14.185
580, https://www.beyondexteriors.com/wp-content/uploads/2018/01/md-business-license.png, 14.177
581, https://www.beyondexteriors.com/wp-content/uploads/2018/01/certificate-of-insurance.png, 14.379
582, https://www.beyondexteriors.com/wp-content/uploads/2018/01/haag-certified-roof-inspector.png, 14.459
583, https://www.beyondexteriors.com/wp-content/uploads/2018/01/certainteed-shingle-master.png, 14.533
594, https://www.beyondexteriors.com/wp-content/uploads/2017/01/schedule-consultation.jpg, 58.608
595, https://www.beyondexteriors.com/wp-content/uploads/2018/05/roof-repair-contractor-who-was-hired-by-a-homeowner-in-lieu-of-doing-a-diy-roof-repair-300x200.jpg, 20.928
596, https://www.beyondexteriors.com/wp-content/uploads/2018/05/man-holding-a-bucket-up-to-a-roof-leak-that-will-be-repaired-by-a-roof-leak-repair-contractor-300x200.jpg, 13.493
597, https://www.beyondexteriors.com/wp-content/uploads/2018/05/giant-bluish-gray-home-in-Fairfax-VA-that-just-received-a-partial-roof-replacement-300x200.jpg, 18.637
598, https://www.beyondexteriors.com/wp-content/uploads/2018/05/roof-in-Fairfax-VA-that-suffered-roof-damage-and-is-receiving-roof-repair-300x200.jpg, 14.483
599, https://www.beyondexteriors.com/wp-content/uploads/2018/05/wood-gutters-in-Fairfax-VA-that-are-in-desperate-need-of-a-gutter-repair-300x200.jpg, 12.424
600, https://www.beyondexteriors.com/wp-content/uploads/2018/04/roof-repair-contractors-performing-a-routine-Fairfax-VA-roof-repair-300x200.jpg, 14.536
601, https://s15480.pcdn.co/wp-content/themes/321-marketing/images/rocket-seo.png, 38.882
602, https://s15480.pcdn.co/wp-content/themes/321-marketing/images/logo-black.png, 50.629
